{"cameraMode":{"drawMode":0,"name":"Shaded","section":"Shading Mode"},"sceneLighting":true,"audioPlay":false,"sceneViewState":{"showFog":true,"showMaterialUpdate":false,"showSkybox":true,"showFlares":true,"showImageEffects":true,"showParticleSystems":true},"in2DMode":false,"pivot":{"x":-0.0012000054121017457,"y":-0.0005000010132789612,"z":0.0},"rotation":{"x":0.08542584627866745,"y":-0.8821691274642944,"z":0.17589610815048219,"w":0.4284323751926422},"size":0.8908580541610718,"orthographic":false}