{"cameraMode":{"drawMode":0,"name":"Shaded","section":"Shading Mode"},"sceneLighting":true,"audioPlay":false,"sceneViewState":{"showFog":true,"showMaterialUpdate":false,"showSkybox":true,"showFlares":true,"showImageEffects":true,"showParticleSystems":true},"in2DMode":false,"pivot":{"x":-0.0012000054121017457,"y":-0.0005000010132789612,"z":0.0},"rotation":{"x":-0.01680854894220829,"y":-0.006903153844177723,"z":0.00011995217209914699,"w":-0.9998409152030945},"size":0.8908580541610718,"orthographic":false}